-- phpMyAdmin SQL Dump
-- version 5.2.0
-- https://www.phpmyadmin.net/
--
-- Host: localhost
-- Generation Time: Oct 20, 2025 at 11:31 PM
-- Server version: 8.0.32
-- PHP Version: 8.0.22

SET SQL_MODE = "NO_AUTO_VALUE_ON_ZERO";
START TRANSACTION;
SET time_zone = "+00:00";


/*!40101 SET @OLD_CHARACTER_SET_CLIENT=@@CHARACTER_SET_CLIENT */;
/*!40101 SET @OLD_CHARACTER_SET_RESULTS=@@CHARACTER_SET_RESULTS */;
/*!40101 SET @OLD_COLLATION_CONNECTION=@@COLLATION_CONNECTION */;
/*!40101 SET NAMES utf8mb4 */;

--
-- Database: `my_mybeautyagenda`
--

-- --------------------------------------------------------

--
-- Table structure for table `annotazioni`
--

CREATE TABLE `annotazioni` (
  `id_annotazione` int NOT NULL,
  `data` datetime NOT NULL,
  `note` longtext COLLATE utf8mb4_unicode_ci
) ENGINE=InnoDB DEFAULT CHARSET=utf8mb4 COLLATE=utf8mb4_unicode_ci;

--
-- Dumping data for table `annotazioni`
--

INSERT INTO `annotazioni` (`id_annotazione`, `data`, `note`) VALUES
(1, '2024-09-11 07:00:00', 'MATRIMONIO SELENE'),
(4, '2024-09-14 13:30:00', 'COLLOQUIO LAVORO 7º SENSO'),
(5, '2024-09-17 09:00:00', 'PROVA LAVORO SETTIMO SENSO '),
(6, '2024-10-04 19:30:00', 'FINE INCUBO'),
(9, '2024-09-16 07:30:00', '💀⚠️‼️'),
(11, '2024-09-23 20:30:00', 'STEFANINOO ❤️❤️'),
(13, '2024-10-14 13:30:00', 'TRUCCO SELENE MATRIMONIO '),
(14, '2024-11-10 15:00:00', 'USCIRE CON ELISABETTA ANDARE A UGENTO '),
(15, '2024-11-07 20:00:00', 'MANI MAMMA '),
(16, '2024-11-11 10:00:00', 'MANI ALISEA \r\nCERETTA MAMMA '),
(19, '2024-12-03 08:30:00', 'Portare punte dry manicure \nE lancette per diabetici a lavoro '),
(20, '2025-02-02 20:00:00', 'USCIRE CON PAMELA E FABRIZIO'),
(23, '2025-02-17 09:15:00', 'CORSO'),
(24, '2025-02-16 16:00:00', 'CORSO CASERTA '),
(26, '2025-03-03 16:00:00', 'LIVIA PEELING VISO '),
(27, '2025-04-26 08:00:00', 'TRUCCO CENTRO '),
(28, '2025-03-30 08:00:00', 'TRUCCHI CENTRO '),
(29, '2025-05-18 08:00:00', 'BATTESIMO LORIS'),
(30, '2025-10-13 08:00:00', 'MATRIMONIO PAMELA '),
(33, '2025-04-06 07:00:00', 'TRUCCO LUCIA '),
(34, '2025-02-19 19:15:00', 'UNGHIE MAMMA '),
(36, '2025-02-26 17:00:00', 'ARRIVO ORIDINE AMAZONE 51€ \r\nCarta lettino \r\nSalvacera \r\nSali epsom 2kg'),
(37, '2025-03-03 10:00:00', 'Lory sistemare unghie togliere polvere '),
(38, '2025-02-28 15:14:00', 'ORDINE CERETTE : \r\n193,10 '),
(39, '2025-03-12 20:00:00', 'DIETOLOGA PORTARE ESAMI DEL SANGUE '),
(41, '2025-04-07 16:00:00', 'LIDIA TOMA 130€ '),
(42, '2025-03-06 14:00:00', 'BAFFETTO E SOPRACCIGLIA VISO MAMMA \r\nE UNGHIE PIEDI MAMMA'),
(43, '2025-04-06 08:30:00', 'TRUCCO FEDERICA'),
(44, '2025-03-19 19:00:00', 'RITIRO DIETA 90 € contanti '),
(45, '2025-03-24 20:00:00', 'PIEDI MAMMA STEFANO'),
(46, '2025-03-24 10:30:00', 'Ceretta zia anna '),
(48, '2025-03-24 15:35:00', 'Ordine scalda cera X 2 con 2 pentolini \r\nLampada unghie x2 \r\n271,80€\r\n'),
(49, '2025-03-31 07:00:00', 'FEDERICA MESTRIA \r\nCeretta braccia e baffetto '),
(50, '2025-03-26 22:00:00', 'GEL MAMMA '),
(52, '2025-04-21 14:40:00', 'PASQUA'),
(53, '2025-04-06 15:00:00', 'TRUCCO SELENE '),
(55, '2025-05-01 07:00:00', 'Trucchi stefania x2'),
(57, '2025-05-19 10:00:00', 'DOTTORE LIVIA TOMA '),
(59, '2025-02-28 09:16:00', '214,90 € ordine EBRAND\r\nBRASILIANA \r\n2 oro viso \r\n5 corpo \r\n'),
(60, '2025-02-28 09:14:00', 'Ordine EBRAND \r\n6 ceretta barattoli normali '),
(61, '2025-04-30 18:30:00', 'DOTTORESSA LORENA '),
(63, '2025-05-18 08:00:00', 'ANDARE A TRUCCARE ILARIA'),
(65, '2025-04-25 14:30:00', 'UNGHIE GEL MAMMA '),
(66, '2025-06-09 10:30:00', 'OTTICA MODERNA '),
(69, '2025-04-28 12:15:00', 'ADA SARTA'),
(71, '2025-05-11 07:30:00', 'TRUCCO LUCIA '),
(73, '2025-05-12 18:00:00', 'COMPLEANNO TIZIANA FIGLIA FEDERICA '),
(74, '2025-05-20 14:40:00', 'UNGHIE MAMMA '),
(75, '2025-08-11 09:00:00', 'LAVORO AL CENTRO \r\nNO APPUNTAMENTI A CASA ❌❌❌❌❌'),
(78, '2025-06-15 07:00:00', 'TRUCCO ISA'),
(82, '2026-06-22 15:00:00', 'SEMI MANI E PIEDI '),
(83, '2025-06-16 11:00:00', 'CHIAMARE ILAFIA PRIMA DELLE 12:00 \r\nBAFFETTO E SOPRACCIGLIA '),
(84, '2025-06-23 06:00:00', 'FEDERICA MESTRIA \r\nPEDICURE \r\nSEMIPERMANENTE PIEDI \r\nBRACCIA  E BAFFETTO '),
(85, '2025-06-23 15:30:00', 'LORY ANCHE BS'),
(86, '2025-06-23 15:00:00', 'BS MAMMA GIOVANNI'),
(87, '2025-06-20 13:30:00', 'MARCO PARRUCCHIERE '),
(89, '2025-07-21 18:00:00', 'COMPLEANNO PAPA '),
(91, '2025-06-27 20:30:00', 'Ceretta \r\n Pedicure \r\n'),
(92, '2025-06-28 18:00:00', 'CERETTA MAMMA '),
(93, '2025-07-02 18:00:00', 'Angelica inguine ceretta '),
(96, '2025-07-23 17:30:00', '❤️❤️ MARE CON L’AMORE MIO ❤️❤️'),
(97, '2025-07-28 06:00:00', 'Semi piedi FEDERICA '),
(98, '2025-08-07 08:00:00', 'COMPLEANNO CICCIO❤️❤️'),
(99, '2025-08-09 18:30:00', 'CERETTA BRACCAI E INGUINE '),
(100, '2025-08-11 13:30:00', 'SEMI SELENE'),
(101, '2025-08-09 18:30:00', 'Unghie Giorgio incarnite '),
(103, '2025-10-14 09:16:00', 'FERIE '),
(104, '2025-10-15 09:16:00', 'FERIE'),
(105, '2025-10-16 09:16:00', 'FERIE'),
(106, '2025-10-17 09:17:00', 'FERIE'),
(107, '2025-10-18 09:17:00', 'FERIE'),
(108, '2025-10-19 09:17:00', 'FERIE'),
(109, '2026-06-03 09:17:00', 'FERIE CONCERTO '),
(110, '2026-06-04 09:18:00', 'FERIE CONCERTO METALLICA '),
(112, '2026-05-30 17:19:00', 'FERIE CONCERTO '),
(113, '2026-05-31 09:19:00', 'FERIE CONCERTO '),
(114, '2026-06-02 09:21:00', 'FESTA '),
(115, '2026-06-01 09:14:00', 'FERIE CONCERTO METALLICA '),
(116, '2025-09-24 17:30:00', 'MANI ALISEA '),
(117, '2025-09-22 09:00:00', 'RITIRO VESTITO DAMIGELLA '),
(118, '2025-09-29 08:00:00', 'MANI MAMMA '),
(119, '2025-09-27 18:30:00', 'MANI ALISEA '),
(120, '2025-10-25 18:30:00', 'MANI MAMMA '),
(121, '2025-10-25 18:30:00', 'MANI MAMMA '),
(122, '2025-10-18 18:30:00', 'MANI ALISEA '),
(123, '2025-10-06 19:00:00', 'PIEDI MANI E SOPRACCIGLIA STEFANO'),
(124, '2025-10-11 18:00:00', 'SOPRACCIGLIA ROCCO');

-- --------------------------------------------------------

--
-- Table structure for table `appuntamenti`
--

CREATE TABLE `appuntamenti` (
  `id_appuntamento` int NOT NULL,
  `id_cliente` int DEFAULT NULL,
  `id_servizio` int DEFAULT NULL,
  `data_appuntamento` datetime NOT NULL,
  `tempo_servizio` int DEFAULT NULL,
  `completato` tinyint(1) NOT NULL DEFAULT '0',
  `note` varchar(255) DEFAULT NULL,
  `badge_color` varchar(255) DEFAULT NULL,
  `badge_text` varchar(255) DEFAULT NULL
) ENGINE=InnoDB DEFAULT CHARSET=utf8mb4 COLLATE=utf8mb4_0900_ai_ci;

--
-- Dumping data for table `appuntamenti`
--

INSERT INTO `appuntamenti` (`id_appuntamento`, `id_cliente`, `id_servizio`, `data_appuntamento`, `tempo_servizio`, `completato`, `note`, `badge_color`, `badge_text`) VALUES
(11, 12, 4, '2024-09-08 16:15:00', 15, 1, NULL, NULL, NULL),
(12, 15, 4, '2024-09-13 09:00:00', 15, 1, NULL, NULL, NULL),
(13, 16, 5, '2024-09-13 09:30:00', 90, 1, NULL, NULL, NULL),
(21, 22, 23, '2024-09-23 19:00:00', 60, 1, NULL, NULL, NULL),
(26, 18, 3, '2024-09-16 08:30:00', 25, 1, NULL, NULL, NULL),
(27, 18, 21, '2024-09-16 08:30:00', 60, 1, NULL, NULL, NULL),
(39, 34, 3, '2024-09-14 08:30:00', 30, 1, NULL, NULL, NULL),
(49, 34, 3, '2024-09-14 08:30:00', 30, 1, NULL, NULL, NULL),
(50, 39, 4, '2024-09-16 08:00:00', 15, 1, NULL, NULL, NULL),
(51, 39, 29, '2024-09-16 08:00:00', 20, 1, NULL, NULL, NULL),
(56, 39, 3, '2024-09-16 08:00:00', 25, 1, NULL, NULL, NULL),
(57, 24, 4, '2024-09-18 19:30:00', 15, 1, NULL, NULL, NULL),
(60, 18, 4, '2024-09-23 17:30:00', 15, 1, NULL, NULL, NULL),
(61, 39, 21, '2024-09-23 07:00:00', 60, 1, NULL, NULL, NULL),
(62, 39, 29, '2024-09-30 15:00:00', 20, 1, NULL, NULL, NULL),
(63, 58, 4, '2024-09-23 16:15:00', 15, 1, NULL, NULL, NULL),
(67, 59, 20, '2024-09-23 10:00:00', 20, 1, NULL, NULL, NULL),
(68, 19, 3, '2024-09-21 15:00:00', 25, 1, NULL, NULL, NULL),
(69, 19, 21, '2024-09-21 15:00:00', 60, 1, NULL, NULL, NULL),
(70, 16, 3, '2024-09-21 14:30:00', 25, 1, NULL, NULL, NULL),
(71, 42, 3, '2024-09-21 17:15:00', 25, 1, NULL, NULL, NULL),
(72, 44, 3, '2024-09-21 17:00:00', 25, 1, NULL, NULL, NULL),
(73, 19, 9, '2024-09-30 15:30:00', 180, 1, NULL, NULL, NULL),
(74, 44, 30, '2024-09-30 15:30:00', 20, 1, NULL, NULL, NULL),
(75, 22, 23, '2024-10-07 08:30:00', 60, 1, NULL, '#ff330a', 'DA PAGARE'),
(81, 15, 4, '2024-09-27 19:30:00', 15, 1, NULL, NULL, NULL),
(85, 21, 3, '2024-10-07 17:30:00', 25, 1, NULL, NULL, NULL),
(91, 19, 3, '2024-10-07 18:00:00', 25, 1, NULL, NULL, NULL),
(92, 44, 3, '2024-10-07 18:00:00', 25, 1, NULL, NULL, NULL),
(95, 18, 3, '2024-10-07 14:30:00', 15, 1, NULL, NULL, NULL),
(97, 49, 3, '2024-10-03 19:30:00', 15, 1, NULL, NULL, NULL),
(98, 49, 11, '2024-10-03 19:30:00', 20, 1, NULL, NULL, NULL),
(100, 39, 10, '2024-10-21 08:00:00', 90, 1, NULL, NULL, NULL),
(101, 39, 21, '2024-10-28 08:00:00', 60, 1, NULL, NULL, NULL),
(102, 57, 5, '2024-10-04 15:00:00', 120, 1, NULL, NULL, NULL),
(103, 16, 3, '2024-10-04 15:00:00', 15, 1, NULL, NULL, NULL),
(110, 22, 21, '2024-10-14 18:00:00', 60, 1, NULL, NULL, NULL),
(112, 18, 25, '2024-10-28 10:00:00', 60, 1, NULL, NULL, NULL),
(113, 18, 3, '2024-10-21 09:30:00', 15, 1, NULL, NULL, NULL),
(114, 18, 13, '2024-10-21 09:30:00', 90, 1, NULL, NULL, NULL),
(115, 18, 21, '2024-11-04 08:30:00', 60, 1, NULL, NULL, NULL),
(120, 21, 21, '2024-10-14 15:30:00', 60, 1, NULL, NULL, NULL),
(124, 34, 3, '2024-10-09 19:00:00', 15, 1, NULL, NULL, NULL),
(125, 34, 26, '2024-11-10 07:30:00', 60, 1, NULL, NULL, NULL),
(126, 34, 3, '2024-11-04 15:00:00', 15, 1, NULL, NULL, NULL),
(127, 34, 3, '2024-11-04 15:00:00', 15, 1, NULL, NULL, NULL),
(128, 34, 26, '2024-11-10 08:00:00', 60, 1, NULL, NULL, NULL),
(131, 15, 4, '2024-10-14 19:30:00', 15, 1, NULL, NULL, NULL),
(142, 22, 23, '2024-11-11 19:00:00', 60, 1, NULL, NULL, NULL),
(151, 19, 3, '2024-10-20 15:30:00', 15, 1, NULL, NULL, NULL),
(152, 39, 29, '2024-10-18 14:00:00', 20, 1, NULL, NULL, NULL),
(153, 16, 5, '2024-10-20 08:00:00', 120, 1, NULL, NULL, NULL),
(154, 49, 3, '2024-10-21 17:30:00', 15, 1, NULL, NULL, NULL),
(155, 49, 11, '2024-10-21 17:30:00', 20, 1, NULL, NULL, NULL),
(156, 58, 4, '2024-10-21 18:15:00', 15, 1, NULL, NULL, NULL),
(159, 16, 5, '2024-11-11 08:00:00', 120, 1, NULL, NULL, NULL),
(160, 57, 5, '2024-11-06 18:00:00', 120, 1, NULL, NULL, NULL),
(161, 44, 3, '2024-10-28 17:30:00', 15, 1, NULL, NULL, NULL),
(162, 44, 38, '2024-10-28 17:30:00', 10, 1, NULL, NULL, NULL),
(163, 44, 13, '2024-10-28 17:30:00', 40, 1, NULL, NULL, NULL),
(164, 44, 37, '2024-10-28 17:30:00', 15, 1, NULL, NULL, NULL),
(166, 19, 3, '2024-11-18 15:30:00', 15, 1, NULL, NULL, NULL),
(167, 18, 14, '2024-10-21 11:00:00', 30, 1, NULL, NULL, NULL),
(168, 18, 11, '2024-10-21 11:00:00', 20, 1, NULL, NULL, NULL),
(169, 42, 3, '2024-10-21 12:00:00', 15, 1, NULL, NULL, NULL),
(173, 39, 21, '2024-11-25 08:00:00', 60, 1, NULL, NULL, NULL),
(174, 39, 10, '2024-12-02 08:00:00', 90, 1, NULL, NULL, NULL),
(175, 43, 4, '2024-10-28 19:00:00', 15, 1, NULL, NULL, NULL),
(179, 68, 21, '2024-11-18 19:00:00', 60, 1, NULL, NULL, NULL),
(184, 44, 9, '2024-12-15 08:00:00', 240, 1, NULL, NULL, NULL),
(189, 19, 36, '2024-11-03 15:30:00', 20, 1, NULL, NULL, NULL),
(190, 19, 35, '2024-11-03 15:30:00', 15, 1, NULL, NULL, NULL),
(191, 19, 40, '2024-11-03 15:30:00', 10, 1, NULL, NULL, NULL),
(194, 18, 3, '2024-11-04 09:38:00', 15, 1, NULL, NULL, NULL),
(195, 24, 35, '2024-11-13 19:00:00', 15, 1, NULL, NULL, NULL),
(197, 15, 35, '2024-11-16 18:30:00', 15, 1, NULL, NULL, NULL),
(201, 58, 4, '2024-11-11 12:00:00', 15, 1, NULL, NULL, NULL),
(203, 20, 39, '2024-11-11 16:30:00', 120, 1, NULL, NULL, NULL),
(204, 20, 39, '2024-12-16 16:30:00', 120, 1, NULL, NULL, NULL),
(205, 20, 5, '2025-01-13 16:30:00', 120, 1, NULL, NULL, NULL),
(206, 21, 3, '2024-11-18 09:00:00', 15, 1, NULL, NULL, NULL),
(207, 21, 22, '2024-11-18 09:00:00', 60, 1, NULL, NULL, NULL),
(208, 16, 3, '2024-12-16 08:00:00', 15, 1, NULL, NULL, NULL),
(209, 16, 5, '2024-12-16 08:00:00', 120, 1, NULL, NULL, NULL),
(210, 16, 3, '2025-01-13 08:00:00', 15, 1, NULL, NULL, NULL),
(211, 16, 5, '2025-01-13 08:00:00', 120, 1, NULL, NULL, NULL),
(213, 16, 40, '2024-11-11 10:00:00', 10, 1, NULL, NULL, NULL),
(214, 16, 35, '2024-11-11 10:00:00', 15, 1, NULL, NULL, NULL),
(219, 22, 23, '2024-12-09 19:00:00', 60, 1, NULL, '#b51a00', 'DA PAGARE'),
(220, 57, 5, '2024-12-02 15:45:00', 120, 1, NULL, NULL, NULL),
(222, 18, 3, '2024-11-18 14:30:00', 15, 1, NULL, NULL, NULL),
(226, 18, 40, '2024-12-19 20:15:00', 10, 1, NULL, NULL, NULL),
(227, 18, 35, '2024-12-19 20:30:00', 15, 1, NULL, NULL, NULL),
(228, 18, 3, '2024-12-02 10:30:00', 15, 1, NULL, NULL, NULL),
(234, 44, 40, '2024-11-25 15:51:00', 10, 1, NULL, NULL, NULL),
(235, 44, 35, '2024-11-25 15:51:00', 15, 1, NULL, NULL, NULL),
(236, 44, 38, '2024-11-25 15:30:00', 15, 1, NULL, NULL, NULL),
(237, 44, 37, '2024-11-25 15:30:00', 15, 1, NULL, NULL, NULL),
(238, 44, 13, '2024-11-25 15:30:00', 40, 1, NULL, NULL, NULL),
(239, 44, 40, '2024-12-15 08:00:00', 10, 1, NULL, NULL, NULL),
(240, 44, 35, '2024-12-15 08:00:00', 15, 1, NULL, NULL, NULL),
(244, 19, 40, '2024-12-09 15:30:00', 10, 1, NULL, NULL, NULL),
(245, 19, 35, '2024-12-09 15:30:00', 15, 1, NULL, NULL, NULL),
(247, 68, 21, '2024-11-25 18:00:00', 60, 1, NULL, NULL, NULL),
(248, 59, 20, '2024-11-18 11:30:00', 20, 1, NULL, NULL, NULL),
(249, 19, 39, '2024-11-20 18:30:00', 120, 1, NULL, NULL, NULL),
(250, 19, 39, '2024-12-18 18:30:00', 120, 1, NULL, NULL, NULL),
(256, 39, 5, '2024-12-16 15:00:00', 120, 1, NULL, NULL, NULL),
(259, 44, 38, '2024-12-15 10:00:00', 15, 1, NULL, NULL, NULL),
(260, 44, 13, '2024-12-15 10:00:00', 40, 1, NULL, NULL, NULL),
(261, 44, 12, '2024-12-15 10:00:00', 15, 1, NULL, NULL, NULL),
(266, 58, 4, '2024-12-02 14:45:00', 15, 1, NULL, NULL, NULL),
(268, 70, 34, '2024-12-09 12:30:00', 15, 1, NULL, NULL, NULL),
(269, 70, 41, '2024-12-09 12:30:00', 5, 1, NULL, NULL, NULL),
(270, 70, 35, '2024-12-09 12:30:00', 15, 1, NULL, NULL, NULL),
(272, 42, 40, '2024-12-09 10:00:00', 10, 1, NULL, NULL, NULL),
(273, 42, 35, '2024-12-09 10:00:00', 15, 1, NULL, NULL, NULL),
(274, 15, 4, '2024-12-13 20:00:00', 15, 1, NULL, NULL, NULL),
(275, 15, 33, '2024-12-13 20:00:00', 15, 1, NULL, NULL, NULL),
(278, 42, 34, '2024-12-09 10:15:00', 15, 1, NULL, NULL, NULL),
(279, 58, 3, '2024-12-16 19:00:00', 15, 1, NULL, NULL, NULL),
(280, 42, 21, '2024-12-11 18:35:00', 60, 1, NULL, NULL, NULL),
(281, 19, 34, '2024-12-09 15:30:00', 15, 1, NULL, NULL, NULL),
(283, 34, 3, '2024-12-16 19:30:00', 15, 1, NULL, NULL, NULL),
(284, 43, 3, '2024-12-21 18:30:00', 15, 1, NULL, NULL, NULL),
(285, 43, 38, '2024-12-21 18:30:00', 10, 1, NULL, NULL, NULL),
(286, 43, 13, '2024-12-21 18:30:00', 40, 1, NULL, NULL, NULL),
(289, 44, 38, '2025-01-13 15:30:00', 15, 1, NULL, NULL, NULL),
(290, 44, 40, '2025-01-13 15:30:00', 10, 1, NULL, NULL, NULL),
(291, 44, 37, '2025-01-13 15:30:00', 15, 1, NULL, NULL, NULL),
(292, 44, 13, '2025-01-13 15:30:00', 40, 1, NULL, NULL, NULL),
(293, 44, 4, '2025-01-13 15:30:00', 15, 1, NULL, NULL, NULL),
(294, 44, 39, '2025-01-12 08:00:00', 120, 1, NULL, NULL, NULL),
(295, 39, 10, '2025-01-20 08:00:00', 90, 1, NULL, NULL, NULL),
(296, 39, 21, '2025-01-20 08:00:00', 60, 1, NULL, NULL, NULL),
(297, 39, 30, '2025-01-13 11:39:00', 120, 1, NULL, NULL, NULL),
(298, 20, 43, '2024-12-16 18:30:00', 25, 1, NULL, NULL, NULL),
(299, 39, 3, '2024-12-16 12:15:00', 15, 1, NULL, NULL, NULL),
(300, 19, 39, '2025-01-20 15:30:00', 120, 1, NULL, NULL, NULL),
(301, 43, 36, '2024-12-21 20:00:00', 20, 1, NULL, NULL, NULL),
(302, 43, 14, '2024-12-21 20:00:00', 30, 1, NULL, NULL, NULL),
(303, 15, 4, '2025-01-11 18:30:00', 15, 1, NULL, NULL, NULL),
(304, 57, 5, '2025-01-15 18:30:00', 120, 1, NULL, NULL, NULL),
(305, 68, 32, '2025-01-08 18:30:00', 20, 1, NULL, NULL, NULL),
(307, 58, 4, '2025-01-13 14:15:00', 15, 1, NULL, NULL, NULL),
(312, 24, 4, '2025-01-10 20:15:00', 15, 1, NULL, NULL, NULL),
(315, 44, 39, '2025-02-09 08:00:00', 120, 1, NULL, NULL, NULL),
(316, 44, 38, '2025-02-10 15:30:00', 15, 1, NULL, NULL, NULL),
(317, 44, 40, '2025-02-10 15:30:00', 10, 1, NULL, NULL, NULL),
(318, 44, 37, '2025-02-10 15:30:00', 15, 1, NULL, NULL, NULL),
(319, 44, 13, '2025-02-10 15:30:00', 40, 1, NULL, NULL, NULL),
(320, 44, 4, '2025-02-10 15:30:00', 15, 1, NULL, NULL, NULL),
(324, 16, 40, '2025-02-03 14:00:00', 10, 1, NULL, NULL, NULL),
(325, 16, 35, '2025-02-03 14:00:00', 15, 1, NULL, NULL, NULL),
(326, 16, 5, '2025-02-03 14:00:00', 120, 1, NULL, NULL, NULL),
(327, 16, 21, '2025-01-27 14:00:00', 60, 1, NULL, NULL, NULL),
(328, 18, 14, '2025-02-10 08:30:00', 30, 1, NULL, NULL, NULL),
(329, 18, 13, '2025-02-10 08:30:00', 40, 1, NULL, NULL, NULL),
(330, 18, 11, '2025-02-10 08:30:00', 20, 1, NULL, NULL, NULL),
(331, 18, 21, '2025-01-27 08:30:00', 60, 1, NULL, NULL, NULL),
(332, 18, 31, '2025-01-27 08:30:00', 5, 1, NULL, NULL, NULL),
(333, 18, 35, '2025-01-27 08:30:00', 15, 1, NULL, NULL, NULL),
(334, 42, 40, '2025-01-27 10:00:00', 10, 1, NULL, NULL, NULL),
(335, 42, 35, '2025-01-27 10:00:00', 15, 1, NULL, NULL, NULL),
(337, 20, 5, '2025-02-03 17:30:00', 120, 1, NULL, NULL, NULL),
(338, 22, 23, '2025-01-27 16:15:00', 60, 1, NULL, NULL, NULL),
(339, 22, 21, '2025-01-27 16:15:00', 60, 1, NULL, NULL, NULL),
(340, 57, 12, '2025-02-05 18:30:00', 120, 1, NULL, NULL, NULL),
(341, 68, 21, '2025-01-27 10:45:00', 60, 1, NULL, NULL, NULL),
(342, 39, 3, '2025-01-20 08:00:00', 15, 1, NULL, NULL, NULL),
(345, 21, 21, '2025-01-20 11:00:00', 60, 1, NULL, NULL, NULL),
(346, 39, 3, '2025-02-12 18:30:00', 15, 1, NULL, NULL, NULL),
(351, 15, 4, '2025-02-01 18:30:00', 15, 1, NULL, NULL, NULL),
(352, 19, 40, '2025-02-10 15:30:00', 10, 1, NULL, NULL, NULL),
(353, 19, 36, '2025-02-10 15:30:00', 20, 1, NULL, NULL, NULL),
(354, 19, 35, '2025-02-10 15:30:00', 15, 1, NULL, NULL, NULL),
(355, 19, 9, '2025-02-24 15:30:00', 240, 1, NULL, NULL, NULL),
(356, 39, 21, '2025-02-12 19:00:00', 60, 1, NULL, NULL, NULL),
(357, 59, 20, '2025-01-27 12:15:00', 20, 1, NULL, NULL, NULL),
(359, 68, 21, '2025-03-03 08:00:00', 60, 1, NULL, NULL, NULL),
(363, 58, 4, '2025-02-03 14:30:00', 15, 1, NULL, NULL, NULL),
(364, 43, 3, '2025-02-03 15:00:00', 15, 1, NULL, NULL, NULL),
(365, 43, 38, '2025-02-03 15:00:00', 15, 1, NULL, NULL, NULL),
(366, 43, 36, '2025-02-03 15:00:00', 20, 1, NULL, NULL, NULL),
(367, 43, 14, '2025-02-03 15:00:00', 30, 1, NULL, NULL, NULL),
(368, 43, 13, '2025-02-03 15:00:00', 40, 1, NULL, NULL, NULL),
(371, 49, 3, '2025-02-03 10:00:00', 15, 1, NULL, NULL, NULL),
(373, 58, 3, '2025-02-10 11:00:00', 15, 1, NULL, NULL, NULL),
(374, 34, 3, '2025-02-10 19:15:00', 15, 1, NULL, NULL, NULL),
(377, 20, 5, '2025-03-04 14:00:00', 120, 1, NULL, NULL, NULL),
(378, 49, 3, '2025-02-19 18:30:00', 15, 1, NULL, NULL, NULL),
(379, 49, 4, '2025-02-19 18:30:00', 15, 1, NULL, NULL, NULL),
(380, 24, 35, '2025-02-05 19:15:00', 15, 1, NULL, NULL, NULL),
(381, 24, 33, '2025-02-05 19:15:00', 15, 1, NULL, NULL, NULL),
(382, 57, 5, '2025-02-15 18:30:00', 120, 1, NULL, NULL, NULL),
(385, 39, 29, '2025-02-24 14:30:00', 20, 1, NULL, NULL, NULL),
(390, 44, 39, '2025-03-09 09:00:00', 120, 1, NULL, NULL, NULL),
(391, 18, 40, '2025-02-24 10:30:00', 10, 1, NULL, NULL, NULL),
(392, 18, 35, '2025-02-24 10:30:00', 15, 1, NULL, NULL, NULL),
(394, 44, 38, '2025-03-10 17:30:00', 15, 1, NULL, NULL, NULL),
(395, 44, 40, '2025-03-10 17:30:00', 10, 1, NULL, NULL, NULL),
(396, 44, 37, '2025-03-10 17:30:00', 15, 1, NULL, NULL, NULL),
(397, 44, 13, '2025-03-10 17:30:00', 40, 1, NULL, NULL, NULL),
(398, 44, 4, '2025-03-10 17:30:00', 15, 1, NULL, NULL, NULL),
(404, 57, 5, '2025-03-26 18:30:00', 120, 1, NULL, NULL, NULL),
(405, 73, 3, '2025-02-24 11:15:00', 15, 1, NULL, NULL, NULL),
(406, 73, 12, '2025-02-24 11:15:00', 15, 1, NULL, NULL, NULL),
(407, 42, 21, '2025-03-03 10:00:00', 60, 1, NULL, '#ff4015', 'GIÀ PAGATO'),
(409, 15, 4, '2025-03-01 18:30:00', 15, 1, NULL, NULL, NULL),
(410, 42, 40, '2025-03-10 11:30:00', 10, 1, NULL, NULL, NULL),
(411, 42, 35, '2025-03-10 11:30:00', 15, 1, NULL, NULL, NULL),
(412, 18, 40, '2025-03-10 12:00:00', 10, 1, NULL, NULL, NULL),
(413, 18, 35, '2025-03-10 12:00:00', 15, 1, NULL, NULL, NULL),
(414, 70, 35, '2025-02-24 15:00:00', 15, 1, NULL, NULL, NULL),
(415, 73, 12, '2025-02-27 14:30:00', 15, 1, NULL, NULL, NULL),
(417, 19, 39, '2025-03-24 15:30:00', 120, 1, NULL, NULL, NULL),
(420, 19, 40, '2025-03-24 15:30:00', 10, 1, NULL, NULL, NULL),
(421, 19, 35, '2025-03-24 15:30:00', 15, 1, NULL, NULL, NULL),
(422, 22, 23, '2025-03-17 18:30:00', 60, 1, NULL, NULL, NULL),
(424, 68, 21, '2025-03-31 08:00:00', 60, 1, NULL, NULL, NULL),
(425, 16, 40, '2025-03-04 08:30:00', 10, 1, NULL, NULL, NULL),
(426, 16, 35, '2025-03-04 08:30:00', 15, 1, NULL, NULL, NULL),
(427, 16, 40, '2025-03-31 14:00:00', 10, 1, NULL, NULL, NULL),
(428, 16, 35, '2025-03-31 14:00:00', 15, 1, NULL, NULL, NULL),
(429, 16, 5, '2025-03-31 14:00:00', 120, 1, NULL, NULL, NULL),
(432, 20, 39, '2025-03-31 17:30:00', 120, 1, NULL, NULL, NULL),
(433, 20, 39, '2025-05-05 16:30:00', 120, 1, NULL, NULL, NULL),
(436, 24, 35, '2025-03-17 16:30:00', 15, 1, NULL, NULL, NULL),
(437, 24, 33, '2025-03-17 16:30:00', 15, 1, NULL, NULL, NULL),
(438, 19, 21, '2025-03-12 17:30:00', 60, 1, NULL, NULL, NULL),
(439, 44, 39, '2025-04-14 15:30:00', 120, 1, NULL, NULL, NULL),
(441, 44, 40, '2025-04-13 09:00:00', 10, 1, NULL, NULL, NULL),
(442, 44, 37, '2025-04-13 09:00:00', 15, 1, NULL, NULL, NULL),
(443, 44, 13, '2025-04-13 09:00:00', 40, 1, NULL, NULL, NULL),
(444, 44, 4, '2025-04-13 09:00:00', 15, 1, NULL, NULL, NULL),
(445, 58, 35, '2025-03-17 17:15:00', 15, 1, NULL, NULL, NULL),
(446, 43, 38, '2025-03-17 11:00:00', 15, 1, NULL, NULL, NULL),
(447, 43, 40, '2025-03-17 11:00:00', 10, 1, NULL, NULL, NULL),
(448, 43, 13, '2025-03-17 11:00:00', 40, 1, NULL, NULL, NULL),
(449, 43, 11, '2025-03-17 11:00:00', 20, 1, NULL, NULL, NULL),
(450, 43, 4, '2025-03-17 11:00:00', 15, 1, NULL, NULL, NULL),
(455, 39, 40, '2025-04-14 09:16:00', 10, 1, NULL, NULL, NULL),
(456, 39, 35, '2025-04-14 09:15:00', 15, 1, NULL, NULL, NULL),
(457, 39, 21, '2025-04-14 09:00:00', 60, 1, NULL, NULL, NULL),
(458, 39, 10, '2025-04-28 08:15:00', 90, 1, NULL, NULL, NULL),
(459, 39, 38, '2025-03-17 08:15:00', 15, 1, NULL, NULL, NULL),
(460, 39, 40, '2025-03-17 08:15:00', 10, 1, NULL, NULL, NULL),
(461, 39, 37, '2025-03-17 08:15:00', 15, 1, NULL, NULL, NULL),
(462, 39, 35, '2025-03-17 08:15:00', 15, 1, NULL, NULL, NULL),
(463, 39, 14, '2025-03-17 08:15:00', 30, 1, NULL, NULL, NULL),
(464, 39, 13, '2025-03-17 08:15:00', 40, 1, NULL, NULL, NULL),
(465, 39, 21, '2025-03-17 08:15:00', 60, 1, NULL, NULL, NULL),
(466, 22, 21, '2025-03-24 09:30:00', 60, 1, NULL, NULL, NULL),
(467, 18, 40, '2025-03-31 09:30:00', 10, 1, NULL, NULL, NULL),
(468, 18, 35, '2025-03-31 09:30:00', 15, 1, NULL, NULL, NULL),
(470, 15, 4, '2025-03-22 18:30:00', 15, 1, NULL, NULL, NULL),
(471, 21, 40, '2025-04-07 08:30:00', 10, 1, NULL, NULL, NULL),
(472, 21, 35, '2025-04-07 08:30:00', 15, 1, NULL, NULL, NULL),
(473, 21, 48, '2025-04-07 08:30:00', 30, 1, NULL, NULL, NULL),
(475, 21, 47, '2025-04-07 08:30:00', 60, 1, NULL, NULL, NULL),
(476, 39, 29, '2025-04-07 18:30:00', 20, 1, NULL, NULL, NULL),
(477, 19, 40, '2025-04-14 15:30:00', 10, 1, NULL, NULL, NULL),
(478, 19, 35, '2025-04-14 15:30:00', 15, 1, NULL, NULL, NULL),
(479, 19, 39, '2025-04-28 15:30:00', 120, 1, NULL, NULL, NULL),
(480, 19, 40, '2025-04-28 15:30:00', 10, 1, NULL, NULL, NULL),
(481, 19, 35, '2025-04-28 15:30:00', 15, 1, NULL, NULL, NULL),
(482, 34, 3, '2025-03-29 19:00:00', 15, 1, NULL, NULL, NULL),
(483, 73, 11, '2025-04-14 10:30:00', 20, 1, NULL, NULL, NULL),
(484, 73, 4, '2025-04-14 10:30:00', 15, 1, NULL, NULL, NULL),
(486, 68, 21, '2025-04-09 18:30:00', 60, 1, NULL, NULL, NULL),
(487, 68, 21, '2025-05-05 08:00:00', 60, 1, NULL, NULL, NULL),
(488, 18, 14, '2025-05-05 09:30:00', 30, 1, NULL, NULL, NULL),
(489, 18, 13, '2025-05-05 09:30:00', 40, 1, NULL, NULL, NULL),
(490, 18, 36, '2025-05-05 09:30:00', 20, 1, NULL, NULL, NULL),
(491, 15, 33, '2025-04-12 18:30:00', 15, 1, NULL, NULL, NULL),
(492, 15, 4, '2025-04-12 18:30:00', 15, 1, NULL, NULL, NULL),
(493, 42, 40, '2025-04-14 11:30:00', 10, 1, NULL, NULL, NULL),
(494, 42, 35, '2025-04-14 11:30:00', 15, 1, NULL, NULL, NULL),
(495, 18, 40, '2025-04-14 12:00:00', 10, 1, NULL, NULL, NULL),
(496, 18, 35, '2025-04-14 12:00:00', 15, 1, NULL, NULL, NULL),
(497, 18, 21, '2025-04-14 12:00:00', 60, 1, NULL, NULL, NULL),
(498, 16, 40, '2025-04-14 14:00:00', 10, 1, NULL, NULL, NULL),
(499, 16, 35, '2025-04-14 14:00:00', 15, 1, NULL, NULL, NULL),
(500, 16, 5, '2025-04-28 09:30:00', 120, 1, NULL, NULL, NULL),
(501, 16, 40, '2025-05-26 14:00:00', 10, 1, NULL, NULL, NULL),
(502, 16, 35, '2025-05-26 14:00:00', 15, 1, NULL, NULL, NULL),
(503, 16, 5, '2025-05-26 14:00:00', 120, 1, NULL, NULL, NULL),
(504, 20, 39, '2025-05-26 17:30:00', 120, 1, NULL, NULL, NULL),
(505, 43, 38, '2025-04-19 18:30:00', 15, 1, NULL, NULL, NULL),
(506, 43, 40, '2025-04-19 18:30:00', 10, 1, NULL, NULL, NULL),
(507, 43, 36, '2025-04-19 18:30:00', 20, 1, NULL, NULL, NULL),
(508, 43, 35, '2025-04-19 18:30:00', 15, 1, NULL, NULL, NULL),
(509, 43, 13, '2025-04-19 18:30:00', 40, 1, NULL, NULL, NULL),
(510, 58, 35, '2025-04-14 15:00:00', 15, 1, NULL, NULL, NULL),
(511, 21, 40, '2025-05-12 08:30:00', 10, 1, NULL, NULL, NULL),
(512, 21, 35, '2025-05-12 08:30:00', 15, 1, NULL, NULL, NULL),
(513, 21, 21, '2025-05-12 08:30:00', 60, 1, NULL, NULL, NULL),
(514, 21, 6, '2025-05-12 08:30:00', 60, 1, NULL, NULL, NULL),
(516, 21, 36, '2025-04-07 08:30:00', 20, 1, NULL, NULL, NULL),
(518, 49, 3, '2025-04-14 08:15:00', 15, 1, NULL, NULL, NULL),
(519, 49, 36, '2025-04-14 08:15:00', 20, 1, NULL, NULL, NULL),
(520, 44, 38, '2025-05-11 09:00:00', 15, 1, NULL, NULL, NULL),
(521, 44, 40, '2025-05-11 09:00:00', 10, 1, NULL, NULL, NULL),
(522, 44, 37, '2025-05-11 09:00:00', 15, 1, NULL, NULL, NULL),
(523, 44, 13, '2025-05-11 09:00:00', 40, 1, NULL, NULL, NULL),
(524, 44, 4, '2025-05-11 09:00:00', 15, 1, NULL, NULL, NULL),
(525, 44, 39, '2025-05-12 16:15:00', 120, 1, NULL, NULL, NULL),
(526, 73, 6, '2025-05-12 11:30:00', 60, 1, NULL, NULL, NULL),
(527, 18, 40, '2025-05-05 09:30:00', 10, 1, NULL, NULL, NULL),
(528, 18, 35, '2025-05-05 09:30:00', 15, 1, NULL, NULL, NULL),
(529, 18, 25, '2025-05-26 08:15:00', 60, 1, NULL, NULL, NULL),
(530, 18, 21, '2025-05-26 08:10:00', 60, 1, NULL, NULL, NULL),
(531, 18, 40, '2025-05-26 08:10:00', 10, 1, NULL, NULL, NULL),
(532, 18, 35, '2025-05-26 08:10:00', 15, 1, NULL, NULL, NULL),
(533, 16, 49, '2025-04-14 14:00:00', 15, 1, NULL, NULL, NULL),
(534, 16, 40, '2025-05-05 14:00:00', 10, 1, NULL, NULL, NULL),
(535, 16, 35, '2025-05-05 14:00:00', 15, 1, NULL, NULL, NULL),
(536, 57, 5, '2025-05-07 18:30:00', 120, 1, NULL, NULL, NULL),
(539, 19, 40, '2025-05-19 15:30:00', 10, 1, NULL, NULL, NULL),
(540, 19, 35, '2025-05-19 15:30:00', 15, 1, NULL, NULL, NULL),
(541, 19, 39, '2025-05-19 15:30:00', 120, 1, NULL, NULL, NULL),
(544, 19, 35, '2025-05-05 15:30:00', 15, 1, NULL, NULL, NULL),
(545, 19, 40, '2025-05-05 15:30:00', 10, 1, NULL, NULL, NULL),
(547, 24, 31, '2025-04-23 18:30:00', 5, 1, NULL, NULL, NULL),
(548, 24, 35, '2025-04-23 18:30:00', 15, 1, NULL, NULL, NULL),
(560, 70, 35, '2025-05-05 19:00:00', 15, 1, NULL, NULL, NULL),
(561, 15, 33, '2025-05-03 18:30:00', 15, 1, NULL, NULL, NULL),
(562, 15, 4, '2025-05-03 18:30:00', 15, 1, NULL, NULL, NULL),
(568, 39, 40, '2025-05-21 18:30:00', 10, 1, NULL, NULL, NULL),
(569, 39, 35, '2025-05-21 18:30:00', 15, 1, NULL, NULL, NULL),
(570, 39, 21, '2025-05-21 18:30:00', 60, 1, NULL, NULL, NULL),
(571, 39, 10, '2025-06-18 18:30:00', 90, 1, NULL, NULL, NULL),
(572, 44, 39, '2025-06-09 15:30:00', 120, 1, NULL, NULL, NULL),
(573, 58, 35, '2025-05-05 15:00:00', 15, 1, NULL, NULL, NULL),
(574, 58, 51, '2025-06-30 17:00:00', 25, 1, NULL, NULL, NULL),
(575, 58, 54, '2025-06-30 17:00:00', 15, 1, NULL, NULL, NULL),
(576, 58, 52, '2025-06-30 17:00:00', 15, 1, NULL, NULL, NULL),
(577, 58, 53, '2025-06-30 17:00:00', 30, 1, NULL, NULL, NULL),
(578, 58, 50, '2025-06-30 17:00:00', 20, 1, NULL, NULL, NULL),
(579, 58, 35, '2025-06-30 17:00:00', 15, 1, NULL, NULL, NULL),
(580, 68, 21, '2025-06-23 08:00:00', 60, 1, NULL, NULL, NULL),
(583, 18, 35, '2025-06-09 08:00:00', 15, 1, NULL, NULL, NULL),
(586, 16, 14, '2025-05-26 16:00:00', 30, 1, NULL, NULL, NULL),
(587, 68, 21, '2025-05-10 18:30:00', 60, 1, NULL, NULL, NULL),
(588, 68, 6, '2025-05-10 18:30:00', 60, 1, NULL, NULL, NULL),
(589, 43, 38, '2025-05-17 18:30:00', 15, 1, NULL, NULL, NULL),
(590, 43, 40, '2025-05-17 18:30:00', 10, 1, NULL, NULL, NULL),
(591, 43, 36, '2025-05-17 18:30:00', 20, 1, NULL, NULL, NULL),
(592, 43, 35, '2025-05-17 18:30:00', 15, 1, NULL, NULL, NULL),
(593, 43, 14, '2025-05-17 18:30:00', 30, 1, NULL, NULL, NULL),
(594, 43, 13, '2025-05-17 18:30:00', 40, 1, NULL, NULL, NULL),
(595, 57, 12, '2025-05-28 18:30:00', 120, 1, NULL, NULL, NULL),
(596, 22, 21, '2025-06-16 15:00:00', 60, 1, NULL, NULL, NULL),
(597, 20, 39, '2025-06-23 17:30:00', 120, 1, NULL, NULL, NULL),
(599, 44, 38, '2025-06-02 08:00:00', 15, 1, NULL, NULL, NULL),
(600, 44, 40, '2025-06-02 08:00:00', 10, 1, NULL, NULL, NULL),
(601, 44, 37, '2025-06-02 08:00:00', 15, 1, NULL, NULL, NULL),
(602, 44, 13, '2025-06-02 08:00:00', 40, 1, NULL, NULL, NULL),
(603, 44, 4, '2025-06-02 08:00:00', 15, 1, NULL, NULL, NULL),
(605, 19, 39, '2025-06-16 16:00:00', 120, 1, NULL, NULL, NULL),
(606, 19, 40, '2025-06-02 08:00:00', 10, 1, NULL, NULL, NULL),
(607, 19, 35, '2025-06-02 08:00:00', 15, 1, NULL, NULL, NULL),
(608, 19, 21, '2025-06-23 15:30:00', 60, 1, NULL, NULL, NULL),
(609, 19, 6, '2025-06-23 15:30:00', 60, 1, NULL, NULL, NULL),
(614, 39, 21, '2025-06-23 09:00:00', 60, 1, NULL, NULL, NULL),
(615, 58, 35, '2025-05-26 12:00:00', 15, 1, NULL, NULL, NULL),
(616, 24, 35, '2025-05-24 17:30:00', 15, 1, NULL, NULL, NULL),
(617, 15, 33, '2025-05-31 18:30:00', 15, 1, NULL, NULL, NULL),
(618, 15, 4, '2025-05-31 18:30:00', 15, 1, NULL, NULL, NULL),
(619, 18, 40, '2025-06-30 08:35:00', 10, 1, NULL, NULL, NULL),
(620, 18, 36, '2025-06-30 08:35:00', 20, 1, NULL, NULL, NULL),
(621, 18, 35, '2025-06-30 08:35:00', 15, 1, NULL, NULL, NULL),
(622, 18, 14, '2025-06-30 08:35:00', 30, 1, NULL, NULL, NULL),
(623, 18, 13, '2025-06-30 08:35:00', 40, 1, NULL, NULL, NULL),
(624, 18, 40, '2025-06-09 08:00:00', 10, 1, NULL, NULL, NULL),
(625, 42, 40, '2025-06-09 06:45:00', 10, 1, NULL, NULL, NULL),
(626, 42, 35, '2025-06-09 06:45:00', 15, 1, NULL, NULL, NULL),
(628, 18, 40, '2025-06-30 08:30:00', 10, 1, NULL, NULL, NULL),
(629, 18, 35, '2025-06-30 08:30:00', 15, 1, NULL, NULL, NULL),
(630, 18, 14, '2025-08-04 05:30:00', 60, 1, NULL, NULL, NULL),
(631, 57, 5, '2025-06-07 18:00:00', 120, 1, NULL, NULL, NULL),
(632, 16, 40, '2025-06-09 14:30:00', 10, 1, NULL, NULL, NULL),
(633, 16, 35, '2025-06-09 14:30:00', 15, 1, NULL, NULL, NULL),
(634, 16, 5, '2025-06-16 13:00:00', 120, 1, NULL, NULL, NULL),
(635, 15, 19, '2025-07-07 09:30:00', 20, 1, NULL, NULL, NULL),
(636, 15, 20, '2025-07-07 09:30:00', 20, 1, NULL, NULL, NULL),
(637, 15, 18, '2025-07-07 09:30:00', 15, 1, NULL, NULL, NULL),
(638, 34, 3, '2025-06-11 18:30:00', 15, 1, NULL, NULL, NULL),
(640, 57, 5, '2025-07-02 18:30:00', 120, 1, NULL, NULL, NULL),
(642, 44, 39, '2025-07-07 15:30:00', 120, 1, NULL, NULL, NULL),
(643, 44, 38, '2025-06-30 15:30:00', 15, 1, NULL, NULL, NULL),
(644, 44, 40, '2025-06-30 15:30:00', 10, 1, NULL, NULL, NULL),
(645, 44, 37, '2025-07-04 20:15:00', 15, 1, NULL, NULL, NULL),
(646, 44, 13, '2025-06-30 15:30:00', 40, 1, NULL, NULL, NULL),
(647, 44, 4, '2025-06-30 15:30:00', 15, 1, NULL, NULL, NULL),
(648, 75, 26, '2026-06-25 14:00:00', 60, 0, NULL, NULL, NULL),
(651, 43, 38, '2025-06-21 18:16:00', 15, 1, NULL, NULL, NULL),
(652, 43, 40, '2025-06-21 18:16:00', 10, 1, NULL, NULL, NULL),
(653, 43, 36, '2025-06-21 18:16:00', 20, 1, NULL, NULL, NULL),
(654, 43, 13, '2025-06-21 18:16:00', 40, 1, NULL, NULL, NULL),
(655, 43, 4, '2025-06-21 18:16:00', 15, 1, NULL, NULL, NULL),
(656, 21, 40, '2025-06-28 18:30:00', 10, 1, NULL, NULL, NULL),
(657, 21, 36, '2025-06-28 18:30:00', 20, 1, NULL, NULL, NULL),
(658, 21, 35, '2025-06-28 18:30:00', 15, 1, NULL, NULL, NULL),
(660, 21, 13, '2025-06-28 18:30:00', 40, 1, NULL, NULL, NULL),
(661, 21, 21, '2025-06-30 10:00:00', 60, 1, NULL, NULL, NULL),
(662, 16, 5, '2025-07-07 19:00:00', 120, 1, NULL, NULL, NULL),
(663, 16, 40, '2025-06-24 14:00:00', 10, 1, NULL, NULL, NULL),
(664, 16, 35, '2025-06-24 14:00:00', 15, 1, NULL, NULL, NULL),
(666, 73, 6, '2025-06-23 10:30:00', 60, 1, NULL, NULL, NULL),
(667, 19, 9, '2025-07-14 15:30:00', 240, 1, NULL, NULL, NULL),
(668, 39, 38, '2025-08-04 08:00:00', 15, 1, NULL, NULL, NULL),
(669, 39, 40, '2025-08-04 08:00:00', 10, 1, NULL, NULL, NULL),
(670, 39, 37, '2025-08-04 08:00:00', 15, 1, NULL, NULL, NULL),
(671, 39, 35, '2025-08-04 08:00:00', 15, 1, NULL, NULL, NULL),
(672, 39, 14, '2025-08-04 08:00:00', 30, 1, NULL, NULL, NULL),
(673, 39, 13, '2025-08-04 08:00:00', 40, 1, NULL, NULL, NULL),
(674, 21, 5, '2025-06-24 20:00:00', 120, 1, NULL, NULL, NULL),
(675, 18, 13, '2025-08-04 05:30:00', 60, 1, NULL, NULL, NULL),
(676, 39, 21, '2025-07-28 08:00:00', 60, 1, NULL, NULL, NULL),
(677, 73, 6, '2025-07-21 10:00:00', 60, 1, NULL, NULL, NULL),
(678, 73, 4, '2025-07-21 10:00:00', 20, 1, NULL, NULL, NULL),
(679, 19, 40, '2025-07-14 15:15:00', 10, 1, NULL, NULL, NULL),
(680, 19, 35, '2025-07-14 15:15:00', 15, 1, NULL, NULL, NULL),
(681, 19, 21, '2025-07-21 16:00:00', 240, 1, NULL, NULL, NULL),
(684, 42, 21, '2025-07-09 18:30:00', 60, 1, NULL, NULL, NULL),
(685, 20, 9, '2025-07-28 18:00:00', 240, 1, NULL, NULL, NULL),
(686, 20, 9, '2025-09-02 20:30:00', 180, 1, NULL, NULL, NULL),
(687, 44, 38, '2025-07-28 09:15:00', 15, 1, NULL, NULL, NULL),
(688, 44, 40, '2025-07-28 09:15:00', 10, 1, NULL, NULL, NULL),
(689, 44, 37, '2025-07-28 09:15:00', 15, 1, NULL, NULL, NULL),
(690, 44, 13, '2025-07-28 09:15:00', 40, 1, NULL, NULL, NULL),
(691, 44, 4, '2025-07-28 09:15:00', 15, 1, NULL, NULL, NULL),
(692, 44, 9, '2025-08-04 10:00:00', 240, 1, NULL, NULL, NULL),
(693, 16, 49, '2025-06-24 14:00:00', 10, 1, NULL, NULL, NULL),
(694, 16, 34, '2025-06-24 14:00:00', 15, 1, NULL, NULL, NULL),
(695, 57, 5, '2025-07-30 18:30:00', 120, 1, NULL, NULL, NULL),
(696, 57, 5, '2025-08-27 18:30:00', 120, 1, NULL, NULL, NULL),
(697, 16, 40, '2025-08-04 18:30:00', 10, 1, NULL, NULL, NULL),
(698, 16, 49, '2025-08-04 18:30:00', 10, 1, NULL, NULL, NULL),
(699, 16, 34, '2025-08-04 18:30:00', 15, 1, NULL, NULL, NULL),
(700, 16, 35, '2025-08-04 18:30:00', 15, 1, NULL, NULL, NULL),
(701, 16, 5, '2025-08-04 18:30:00', 120, 1, NULL, NULL, NULL),
(702, 16, 40, '2025-09-01 18:30:00', 10, 1, NULL, NULL, NULL),
(703, 16, 49, '2025-09-01 18:30:00', 10, 1, NULL, NULL, NULL),
(704, 16, 34, '2025-09-01 18:30:00', 15, 1, NULL, NULL, NULL),
(705, 16, 35, '2025-09-01 18:30:00', 15, 1, NULL, NULL, NULL),
(706, 16, 5, '2025-09-01 18:30:00', 120, 1, NULL, NULL, NULL),
(707, 15, 33, '2025-06-28 18:30:00', 15, 1, NULL, NULL, NULL),
(708, 15, 4, '2025-06-28 18:30:00', 15, 1, NULL, NULL, NULL),
(709, 21, 9, '2025-07-14 09:00:00', 240, 1, NULL, NULL, NULL),
(715, 21, 40, '2025-07-14 09:00:00', 10, 1, NULL, NULL, NULL),
(716, 21, 48, '2025-07-14 09:00:00', 40, 1, NULL, NULL, NULL),
(717, 21, 35, '2025-07-14 09:00:00', 15, 1, NULL, NULL, NULL),
(722, 18, 40, '2025-07-14 08:30:00', 10, 1, NULL, NULL, NULL),
(723, 18, 35, '2025-07-14 08:30:00', 15, 1, NULL, NULL, NULL),
(724, 43, 38, '2025-07-19 18:30:00', 15, 1, NULL, NULL, NULL),
(725, 43, 40, '2025-07-19 18:30:00', 10, 1, NULL, NULL, NULL),
(726, 43, 36, '2025-07-19 18:30:00', 20, 1, NULL, NULL, NULL),
(727, 43, 35, '2025-07-19 18:30:00', 15, 1, NULL, NULL, NULL),
(728, 43, 13, '2025-07-19 18:30:00', 40, 1, NULL, NULL, NULL),
(729, 68, 21, '2025-07-12 18:30:00', 60, 1, NULL, NULL, NULL),
(730, 68, 6, '2025-07-12 18:30:00', 60, 1, NULL, NULL, NULL),
(732, 18, 36, '2025-08-04 05:30:00', 20, 1, NULL, NULL, NULL),
(733, 18, 40, '2025-08-04 05:30:00', 10, 1, NULL, NULL, NULL),
(734, 18, 35, '2025-08-04 05:30:00', 15, 1, NULL, NULL, NULL),
(737, 42, 40, '2025-07-14 08:00:00', 10, 1, NULL, NULL, NULL),
(738, 42, 35, '2025-07-14 08:00:00', 15, 1, NULL, NULL, NULL),
(742, 19, 9, '2025-08-04 15:15:00', 240, 1, NULL, NULL, NULL),
(743, 19, 40, '2025-07-28 09:00:00', 10, 1, NULL, NULL, NULL),
(744, 19, 35, '2025-07-28 09:00:00', 15, 1, NULL, NULL, NULL),
(745, 19, 9, '2025-09-01 15:30:00', 60, 1, NULL, NULL, NULL),
(752, 15, 4, '2025-07-25 20:30:00', 15, 1, NULL, NULL, NULL),
(753, 19, 6, '2025-07-21 17:00:00', 60, 1, NULL, NULL, NULL),
(754, 58, 4, '2025-07-28 17:00:00', 15, 1, NULL, NULL, NULL),
(755, 24, 4, '2025-07-25 20:00:00', 15, 1, NULL, NULL, NULL),
(756, 18, 40, '2025-09-01 12:00:00', 10, 1, NULL, NULL, NULL),
(757, 18, 35, '2025-09-01 12:00:00', 15, 1, NULL, NULL, NULL),
(759, 18, 21, '2025-09-08 08:30:00', 60, 1, NULL, NULL, NULL),
(760, 39, 21, '2025-09-08 17:30:00', 60, 1, NULL, NULL, NULL),
(761, 39, 38, '2025-09-15 08:00:00', 15, 1, NULL, NULL, NULL),
(762, 39, 40, '2025-09-15 08:00:00', 10, 1, NULL, NULL, NULL),
(763, 39, 37, '2025-09-15 08:00:00', 15, 1, NULL, NULL, NULL),
(764, 39, 35, '2025-09-15 08:00:00', 15, 1, NULL, NULL, NULL),
(765, 39, 14, '2025-09-15 08:00:00', 30, 1, NULL, NULL, NULL),
(766, 39, 13, '2025-09-15 08:00:00', 40, 1, NULL, NULL, NULL),
(767, 58, 35, '2025-08-04 09:30:00', 15, 1, NULL, NULL, NULL),
(768, 44, 9, '2025-09-08 10:00:00', 240, 1, NULL, NULL, NULL),
(769, 44, 38, '2025-09-15 09:30:00', 15, 1, NULL, NULL, NULL),
(770, 44, 40, '2025-09-15 09:30:00', 10, 1, NULL, NULL, NULL),
(771, 44, 37, '2025-09-15 09:30:00', 15, 1, NULL, NULL, NULL),
(772, 44, 13, '2025-09-15 09:30:00', 40, 1, NULL, NULL, NULL),
(773, 44, 4, '2025-09-15 09:30:00', 15, 1, NULL, NULL, NULL),
(774, 42, 40, '2025-08-04 12:30:00', 10, 1, NULL, NULL, NULL),
(775, 42, 35, '2025-08-04 12:30:00', 15, 1, NULL, NULL, NULL),
(776, 19, 21, '2025-09-08 15:30:00', 90, 1, NULL, NULL, NULL),
(777, 58, 35, '2025-09-01 12:30:00', 15, 1, NULL, NULL, NULL),
(778, 42, 21, '2025-09-10 18:00:00', 60, 1, NULL, NULL, NULL),
(779, 19, 40, '2025-08-30 18:30:00', 10, 1, NULL, NULL, NULL),
(780, 19, 35, '2025-08-30 18:30:00', 15, 1, NULL, NULL, NULL),
(781, 73, 11, '2025-09-01 09:30:00', 20, 1, NULL, NULL, NULL),
(782, 73, 30, '2025-09-01 09:30:00', 20, 1, NULL, NULL, NULL),
(783, 73, 4, '2025-09-01 09:30:00', 15, 1, NULL, NULL, NULL),
(784, 58, 54, '2025-09-01 12:30:00', 15, 1, NULL, NULL, NULL),
(785, 15, 33, '2025-09-06 17:30:00', 15, 1, NULL, NULL, NULL),
(786, 15, 4, '2025-09-06 17:30:00', 15, 1, NULL, NULL, NULL),
(792, 57, 5, '2025-09-24 18:00:00', 90, 1, NULL, NULL, NULL),
(793, 57, 5, '2025-10-22 18:00:00', 90, 0, NULL, NULL, NULL),
(794, 76, 11, '2025-09-15 15:30:00', 20, 1, NULL, NULL, NULL),
(795, 76, 3, '2025-09-15 15:30:00', 15, 1, NULL, NULL, NULL),
(796, 76, 4, '2025-09-15 15:30:00', 15, 1, NULL, NULL, NULL),
(797, 39, 29, '2025-09-15 14:30:00', 20, 1, NULL, NULL, NULL),
(798, 73, 11, '2025-09-15 11:30:00', 20, 1, NULL, NULL, NULL),
(799, 73, 4, '2025-09-15 11:30:00', 15, 1, NULL, NULL, NULL),
(802, 18, 40, '2025-09-15 11:00:00', 10, 1, NULL, NULL, NULL),
(803, 18, 35, '2025-09-15 11:00:00', 15, 1, NULL, NULL, NULL),
(804, 16, 5, '2025-09-22 18:00:00', 90, 1, NULL, NULL, NULL),
(805, 16, 35, '2025-09-13 18:00:00', 15, 1, '', NULL, NULL),
(806, 16, 40, '2025-09-13 18:00:00', 10, 1, NULL, NULL, NULL),
(807, 19, 40, '2025-09-15 17:00:00', 10, 1, NULL, NULL, NULL),
(808, 19, 35, '2025-09-15 17:00:00', 15, 1, NULL, NULL, NULL),
(809, 44, 9, '2025-09-29 15:30:00', 180, 1, NULL, NULL, NULL),
(810, 19, 40, '2025-09-29 15:30:00', 10, 1, NULL, NULL, NULL),
(811, 19, 35, '2025-09-29 15:30:00', 15, 1, NULL, NULL, NULL),
(812, 42, 40, '2025-09-10 18:00:00', 10, 1, 'A CASA ', NULL, NULL),
(813, 42, 35, '2025-09-10 18:00:00', 15, 1, NULL, NULL, NULL),
(814, 20, 9, '2025-10-01 18:00:00', 180, 0, NULL, NULL, NULL),
(815, 19, 9, '2025-10-06 15:30:00', 180, 1, NULL, NULL, NULL),
(816, 34, 31, '2025-09-13 18:30:00', 5, 1, NULL, NULL, NULL),
(817, 34, 4, '2025-09-13 18:30:00', 15, 1, NULL, NULL, NULL),
(818, 39, 21, '2025-10-20 08:30:00', 60, 1, NULL, NULL, NULL),
(819, 39, 38, '2025-10-20 08:30:00', 15, 1, NULL, NULL, NULL),
(820, 39, 40, '2025-10-20 08:30:00', 10, 1, NULL, NULL, NULL),
(821, 39, 37, '2025-10-20 08:30:00', 15, 1, NULL, NULL, NULL),
(822, 39, 35, '2025-10-20 08:30:00', 15, 1, NULL, NULL, NULL),
(823, 39, 14, '2025-10-20 08:30:00', 30, 1, NULL, NULL, NULL),
(824, 39, 13, '2025-10-20 08:30:00', 40, 1, NULL, NULL, NULL),
(825, 19, 21, '2025-10-20 15:30:00', 60, 1, NULL, NULL, NULL),
(827, 42, 21, '2025-10-27 08:00:00', 60, 0, NULL, NULL, NULL),
(828, 42, 40, '2025-10-27 08:00:00', 10, 0, NULL, NULL, NULL),
(829, 42, 35, '2025-10-27 08:00:00', 15, 0, NULL, NULL, NULL),
(830, 39, 49, '2025-09-15 08:00:00', 10, 1, NULL, NULL, NULL),
(831, 18, 40, '2025-10-06 12:00:00', 10, 1, NULL, NULL, NULL),
(832, 18, 35, '2025-10-06 12:00:00', 15, 1, NULL, NULL, NULL),
(834, 73, 11, '2025-09-29 11:30:00', 20, 1, NULL, NULL, NULL),
(835, 39, 29, '2025-09-30 14:00:00', 20, 0, NULL, NULL, NULL),
(836, 76, 4, '2025-10-06 18:30:00', 15, 1, NULL, NULL, NULL),
(837, 76, 40, '2025-10-06 18:30:00', 10, 1, NULL, NULL, NULL),
(838, 76, 35, '2025-10-06 18:30:00', 15, 1, NULL, NULL, NULL),
(840, 24, 3, '2025-09-17 18:00:00', 15, 1, NULL, NULL, NULL),
(841, 24, 4, '2025-09-17 18:00:00', 15, 1, NULL, NULL, NULL),
(842, 44, 4, '2025-10-20 17:00:00', 15, 1, NULL, NULL, NULL),
(843, 44, 38, '2025-10-20 17:00:00', 15, 1, NULL, NULL, NULL),
(844, 44, 40, '2025-10-20 17:00:00', 10, 1, NULL, NULL, NULL),
(845, 44, 37, '2025-10-20 17:00:00', 15, 1, NULL, NULL, NULL),
(846, 44, 13, '2025-10-20 17:00:00', 40, 1, NULL, NULL, NULL),
(847, 16, 40, '2025-09-20 18:00:00', 10, 1, NULL, NULL, NULL),
(848, 16, 49, '2025-09-20 18:00:00', 10, 1, NULL, NULL, NULL),
(849, 16, 35, '2025-09-20 18:00:00', 15, 1, NULL, NULL, NULL),
(850, 77, 21, '2025-09-22 13:30:00', 60, 1, NULL, NULL, NULL),
(851, 77, 40, '2025-09-22 13:30:00', 10, 1, NULL, NULL, NULL),
(852, 77, 35, '2025-09-22 13:30:00', 15, 1, NULL, NULL, NULL),
(853, 78, 31, '2025-09-22 16:00:00', 5, 1, NULL, NULL, NULL),
(854, 78, 4, '2025-09-22 16:00:00', 15, 1, NULL, NULL, NULL),
(855, 78, 13, '2025-09-22 16:00:00', 40, 1, NULL, NULL, NULL),
(856, 78, 11, '2025-09-22 16:00:00', 20, 1, NULL, NULL, NULL),
(857, 43, 38, '2025-09-20 18:30:00', 15, 1, NULL, NULL, NULL),
(858, 43, 40, '2025-09-20 18:30:00', 10, 1, NULL, NULL, NULL),
(859, 43, 35, '2025-09-20 18:30:00', 15, 1, NULL, NULL, NULL),
(860, 16, 5, '2025-10-20 12:00:00', 90, 1, NULL, NULL, NULL),
(861, 58, 54, '2025-10-06 14:30:00', 15, 1, NULL, NULL, NULL),
(862, 58, 35, '2025-10-06 14:30:00', 15, 1, NULL, NULL, NULL),
(863, 49, 3, '2025-09-29 10:00:00', 15, 1, NULL, NULL, NULL),
(864, 49, 11, '2025-09-29 10:00:00', 20, 1, NULL, NULL, NULL),
(865, 15, 4, '2025-10-04 18:30:00', 15, 0, NULL, NULL, NULL),
(866, 73, 4, '2025-10-21 14:00:00', 15, 0, NULL, NULL, NULL),
(867, 73, 11, '2025-10-21 14:00:00', 20, 0, NULL, NULL, NULL),
(868, 44, 9, '2025-10-27 16:00:00', 180, 0, NULL, NULL, NULL),
(869, 68, 21, '2025-10-06 10:00:00', 60, 1, NULL, NULL, NULL),
(870, 20, 9, '2025-10-29 18:00:00', 180, 0, NULL, NULL, NULL),
(873, 18, 40, '2025-11-10 08:00:00', 10, 0, NULL, NULL, NULL),
(874, 18, 36, '2025-11-10 08:00:00', 20, 0, NULL, NULL, NULL),
(875, 18, 35, '2025-11-10 08:00:00', 15, 0, NULL, NULL, NULL),
(876, 18, 14, '2025-11-10 08:00:00', 30, 0, NULL, NULL, NULL),
(877, 18, 13, '2025-11-10 08:00:00', 40, 0, NULL, NULL, NULL),
(878, 18, 26, '2026-03-21 07:00:00', 60, 0, NULL, NULL, NULL),
(879, 19, 40, '2025-10-20 15:30:00', 10, 1, NULL, NULL, NULL),
(880, 19, 35, '2025-10-20 15:30:00', 15, 1, NULL, NULL, NULL),
(881, 19, 9, '2025-11-03 15:30:00', 180, 0, NULL, NULL, NULL),
(882, 19, 40, '2025-11-03 15:30:00', 10, 0, NULL, NULL, NULL),
(883, 19, 35, '2025-11-03 15:30:00', 15, 0, NULL, NULL, NULL),
(884, 76, 35, '2025-10-20 15:00:00', 15, 1, NULL, NULL, NULL),
(885, 76, 40, '2025-10-27 10:15:00', 10, 0, NULL, NULL, NULL),
(886, 76, 35, '2025-10-27 10:15:00', 15, 0, NULL, NULL, NULL),
(887, 76, 11, '2025-10-27 10:15:00', 20, 0, NULL, NULL, NULL),
(893, 39, 29, '2025-10-20 19:00:00', 20, 1, NULL, NULL, NULL),
(894, 16, 40, '2025-10-20 12:00:00', 10, 1, NULL, NULL, NULL),
(895, 16, 49, '2025-10-20 12:00:00', 10, 1, NULL, NULL, NULL),
(896, 16, 35, '2025-10-20 12:00:00', 15, 1, NULL, NULL, NULL),
(897, 18, 21, '2025-10-27 11:30:00', 60, 0, NULL, NULL, NULL),
(898, 18, 40, '2025-10-27 11:30:00', 10, 0, NULL, NULL, NULL),
(899, 18, 35, '2025-10-27 11:30:00', 15, 0, NULL, NULL, NULL),
(900, 39, 21, '2025-11-24 08:30:00', 60, 0, NULL, NULL, NULL),
(901, 39, 38, '2025-11-24 08:30:00', 15, 0, NULL, NULL, NULL),
(902, 39, 40, '2025-11-24 08:30:00', 10, 0, NULL, NULL, NULL),
(903, 39, 37, '2025-11-24 08:30:00', 15, 0, NULL, NULL, NULL),
(904, 39, 49, '2025-11-24 08:30:00', 10, 0, NULL, NULL, NULL),
(905, 39, 35, '2025-11-24 08:30:00', 15, 0, NULL, NULL, NULL),
(906, 39, 14, '2025-11-24 08:30:00', 30, 0, NULL, NULL, NULL),
(907, 39, 13, '2025-11-24 08:30:00', 40, 0, NULL, NULL, NULL),
(908, 16, 20, '2025-11-05 18:00:00', 20, 0, NULL, NULL, NULL),
(909, 16, 18, '2025-11-05 18:00:00', 15, 0, NULL, NULL, NULL),
(910, 16, 5, '2025-11-10 11:00:00', 90, 0, NULL, NULL, NULL),
(911, 39, 49, '2025-10-20 08:30:00', 10, 1, NULL, NULL, NULL),
(912, 44, 4, '2025-11-17 16:00:00', 15, 0, NULL, NULL, NULL),
(913, 44, 38, '2025-11-17 16:00:00', 15, 0, NULL, NULL, NULL),
(914, 44, 40, '2025-11-17 16:00:00', 10, 0, NULL, NULL, NULL),
(915, 44, 37, '2025-11-17 16:00:00', 15, 0, NULL, NULL, NULL),
(916, 44, 13, '2025-11-17 16:00:00', 40, 0, NULL, NULL, NULL),
(917, 19, 21, '2025-11-17 15:30:00', 60, 0, NULL, NULL, NULL),
(918, 19, 40, '2025-11-17 15:30:00', 10, 0, NULL, NULL, NULL),
(919, 19, 35, '2025-11-17 15:30:00', 15, 0, NULL, NULL, NULL),
(920, 76, 35, '2025-11-10 15:30:00', 15, 0, NULL, NULL, NULL);

-- --------------------------------------------------------

--
-- Table structure for table `clienti`
--

CREATE TABLE `clienti` (
  `id_cliente` int NOT NULL,
  `nome_cliente` varchar(100) NOT NULL,
  `numero_telefono` varchar(20) NOT NULL
) ENGINE=InnoDB DEFAULT CHARSET=utf8mb4 COLLATE=utf8mb4_0900_ai_ci;

--
-- Dumping data for table `clienti`
--

INSERT INTO `clienti` (`id_cliente`, `nome_cliente`, `numero_telefono`) VALUES
(12, 'Amore Mio💙💋', '3483318964'),
(15, 'Marco (Figlio Lorena)', '3474600005'),
(16, 'Stefania Cicerello (Yves Rocher)', '+393804705679'),
(18, 'Lorena Tridici ', '+393479908233'),
(19, 'Lory Tridici', '+393489275938'),
(20, 'Melania Cavalera ', '3277354112'),
(21, 'Ilaria Giannelli', '3248452305'),
(22, 'Arcangelo Negro ', '3407620636'),
(24, 'Alessio Aurispa', '3409839417'),
(34, 'Miriam D’Amico (Supersano)', '3493941435'),
(39, 'Daniela Giudice', 'Giudice '),
(42, 'Rosanna Mamma Lory, Lorena', 'De vitis '),
(43, 'Moira Tarantino 🎂', '3455822377'),
(44, 'Eleonora Lory', ' 3207762311'),
(49, 'Sara Chiarillo ', '3456289138'),
(57, 'Angelica Figlia Stefania Yves Rocher', '3497943730'),
(58, 'Giovanni Chiarillo ', '+393460765536'),
(59, 'Davide Angilé ', '3490811233'),
(68, 'Silvana Giudice ', '327 9008126'),
(70, 'Luca Cossa ', '3925887754'),
(73, 'Gemma Verardo ', '+393886025588'),
(75, 'Francesca Solidoro', '3276163212'),
(76, 'Carla Tridici', '3914221709'),
(77, 'Zia Immacolata ', '348 4020574'),
(78, 'Anna Fattizzo ', '349 8170320');

-- --------------------------------------------------------

--
-- Table structure for table `promemoria`
--

CREATE TABLE `promemoria` (
  `id_promemoria` int NOT NULL,
  `titolo` varchar(255) NOT NULL,
  `nota` longtext NOT NULL
) ENGINE=InnoDB DEFAULT CHARSET=utf8mb4 COLLATE=utf8mb4_0900_ai_ci;

-- --------------------------------------------------------

--
-- Table structure for table `servizi`
--

CREATE TABLE `servizi` (
  `id_servizio` int NOT NULL,
  `nome_servizio` varchar(100) NOT NULL,
  `tempo_medio` int NOT NULL,
  `costo` decimal(10,2) NOT NULL,
  `categoria` enum('VISO','MANI','CORPO','PIEDI','CERETTA','ALTRO') NOT NULL DEFAULT 'ALTRO'
) ENGINE=InnoDB DEFAULT CHARSET=utf8mb4 COLLATE=utf8mb4_0900_ai_ci;

--
-- Dumping data for table `servizi`
--

INSERT INTO `servizi` (`id_servizio`, `nome_servizio`, `tempo_medio`, `costo`, `categoria`) VALUES
(3, 'Baffetto e Sopracciglia', 15, '3.00', 'VISO'),
(4, 'Sopracciglia', 15, '2.00', 'VISO'),
(5, 'Semipermanente Mani', 90, '15.00', 'MANI'),
(6, 'Semipermanente Piedi', 60, '15.00', 'PIEDI'),
(9, 'Allungamento Mani', 180, '25.00', 'MANI'),
(10, 'Ceretta Completa', 90, '25.00', 'CERETTA'),
(11, 'Ceretta Inguine Totale', 20, '6.00', 'CERETTA'),
(12, 'Ceretta Inguine Sgambata', 15, '4.00', 'CERETTA'),
(13, 'Ceretta Gambe', 40, '10.00', 'CERETTA'),
(14, 'Ceretta Braccia Donna', 30, '5.00', 'CERETTA'),
(15, 'Ceretta Ascelle', 10, '4.00', 'CERETTA'),
(16, 'Ceretta Schiena Donna', 10, '3.00', 'CERETTA'),
(17, 'Ceretta Pancia Donna', 10, '4.00', 'CERETTA'),
(18, 'Ceretta Schiena Uomo', 15, '10.00', 'CERETTA'),
(19, 'Ceretta Addome Uomo', 20, '10.00', 'CERETTA'),
(20, 'Ceretta Braccia Uomo', 20, '10.00', 'CERETTA'),
(21, 'Pedicure Curativo', 60, '15.00', 'PIEDI'),
(22, 'Pedicure Estetico', 45, '13.00', 'PIEDI'),
(23, 'Massaggio Totale', 60, '20.00', 'CORPO'),
(24, 'Massaggio Gambe', 40, '15.00', 'CORPO'),
(25, 'Pulizia Viso', 60, '20.00', 'VISO'),
(26, 'Trucco', 60, '20.00', 'VISO'),
(27, 'Manicure ', 20, '6.00', 'MANI'),
(28, 'Ceretta 1/2 gamba donna ', 30, '5.00', 'CERETTA'),
(29, 'Unghie incarnite', 20, '6.00', 'PIEDI'),
(30, 'Rimozione gel o semi', 20, '5.00', 'MANI'),
(31, 'Baffetto', 5, '1.00', 'VISO'),
(32, 'Calli Piedi', 20, '4.00', 'PIEDI'),
(33, 'Brasiliana Zigomi', 15, '4.00', 'CERETTA'),
(34, 'Brasiliana Naso', 15, '2.00', 'CERETTA'),
(35, 'Brasiliana Sopracciglia', 15, '4.00', 'VISO'),
(36, 'Brasiliana Inguine Totale', 20, '12.00', 'CERETTA'),
(37, 'Brasiliana Inguine Sgambato', 15, '6.00', 'CERETTA'),
(38, 'Brasiliana Ascelle Donna', 15, '8.00', 'CERETTA'),
(39, 'Copertura gel', 120, '20.00', 'MANI'),
(40, 'Brasiliana baffetto ', 10, '2.00', 'CERETTA'),
(41, 'Brasiliana orecchie ', 5, '4.00', 'CERETTA'),
(42, 'Ceretta Addome Donna ', 15, '4.00', 'CERETTA'),
(43, 'Paraffina Mani', 25, '10.00', 'MANI'),
(44, 'Ceretta glutei ', 15, '4.00', 'CERETTA'),
(46, 'Ceretta gambe uomo ', 40, '12.00', 'CERETTA'),
(47, 'Brasiliana gamba intera ', 40, '20.00', 'CERETTA'),
(48, 'Brasiliana braccia donna ', 40, '10.00', 'CERETTA'),
(49, 'Brasiliana mento ', 10, '4.00', 'CERETTA'),
(50, 'Brasiliana Schiena Uomo', 20, '12.00', 'CERETTA'),
(51, 'Brasiliana Addome + Petto Uomo', 25, '18.00', 'CERETTA'),
(52, 'Brasiliana Braccia Uomo', 15, '13.00', 'CERETTA'),
(53, 'Brasiliana Gambe Uomo', 30, '24.00', 'CERETTA'),
(54, 'Brasiliana Ascelle Uomo', 15, '8.00', 'CERETTA');

--
-- Indexes for dumped tables
--

--
-- Indexes for table `annotazioni`
--
ALTER TABLE `annotazioni`
  ADD PRIMARY KEY (`id_annotazione`);

--
-- Indexes for table `appuntamenti`
--
ALTER TABLE `appuntamenti`
  ADD PRIMARY KEY (`id_appuntamento`),
  ADD KEY `id_cliente` (`id_cliente`),
  ADD KEY `id_servizio` (`id_servizio`);

--
-- Indexes for table `clienti`
--
ALTER TABLE `clienti`
  ADD PRIMARY KEY (`id_cliente`);

--
-- Indexes for table `promemoria`
--
ALTER TABLE `promemoria`
  ADD PRIMARY KEY (`id_promemoria`);

--
-- Indexes for table `servizi`
--
ALTER TABLE `servizi`
  ADD PRIMARY KEY (`id_servizio`);

--
-- AUTO_INCREMENT for dumped tables
--

--
-- AUTO_INCREMENT for table `annotazioni`
--
ALTER TABLE `annotazioni`
  MODIFY `id_annotazione` int NOT NULL AUTO_INCREMENT, AUTO_INCREMENT=125;

--
-- AUTO_INCREMENT for table `appuntamenti`
--
ALTER TABLE `appuntamenti`
  MODIFY `id_appuntamento` int NOT NULL AUTO_INCREMENT, AUTO_INCREMENT=921;

--
-- AUTO_INCREMENT for table `clienti`
--
ALTER TABLE `clienti`
  MODIFY `id_cliente` int NOT NULL AUTO_INCREMENT, AUTO_INCREMENT=79;

--
-- AUTO_INCREMENT for table `promemoria`
--
ALTER TABLE `promemoria`
  MODIFY `id_promemoria` int NOT NULL AUTO_INCREMENT, AUTO_INCREMENT=30;

--
-- AUTO_INCREMENT for table `servizi`
--
ALTER TABLE `servizi`
  MODIFY `id_servizio` int NOT NULL AUTO_INCREMENT, AUTO_INCREMENT=55;

--
-- Constraints for dumped tables
--

--
-- Constraints for table `appuntamenti`
--
ALTER TABLE `appuntamenti`
  ADD CONSTRAINT `appuntamenti_ibfk_1` FOREIGN KEY (`id_cliente`) REFERENCES `clienti` (`id_cliente`) ON DELETE CASCADE,
  ADD CONSTRAINT `appuntamenti_ibfk_2` FOREIGN KEY (`id_servizio`) REFERENCES `servizi` (`id_servizio`) ON DELETE CASCADE;
COMMIT;

/*!40101 SET CHARACTER_SET_CLIENT=@OLD_CHARACTER_SET_CLIENT */;
/*!40101 SET CHARACTER_SET_RESULTS=@OLD_CHARACTER_SET_RESULTS */;
/*!40101 SET COLLATION_CONNECTION=@OLD_COLLATION_CONNECTION */;
